Top queries,Clicks,Impressions,CTR,Position
storm electrical solutions,34,129,26.36%,1.6
storm electrical,15,127,11.81%,4.56
electrician near me,5,65,7.69%,10.15
electrician altona,3,662,0.45%,6.74
ses electrical solutions,3,69,4.35%,3.8
electrician altona north,2,137,1.46%,8.37
electricians altona,1,468,0.21%,6.05
altona electrician,1,368,0.27%,7.14
altona electricians,1,269,0.37%,5.7
electrical melbourne,1,199,0.5%,21.85
ses electrical,1,112,0.89%,7.53
electrician yarraville,1,14,7.14%,2.29
air conditioner service melbourne,1,10,10%,30.5
storm electric,1,6,16.67%,2.17
storm elec,1,3,33.33%,1
air condition service near me,1,2,50%,1
aircon services near me,1,2,50%,1
airconditioning service,1,2,50%,2
split system service,1,2,50%,3.5
ac installation,1,1,100%,1
air conditioner supply and install near me,1,1,100%,1
electrical near me,1,1,100%,1
top rated electrician near me,1,1,100%,1
st electrical,1,1,100%,7
hvac repair,1,1,100%,9
as3000 testing procedures,1,1,100%,19
automation electrician,1,1,100%,57
electrical testing,0,923,0%,29.73
electrical services melbourne,0,639,0%,31.23
electrical safety testing,0,605,0%,55.4
electricians melbourne,0,388,0%,27.58
melbourne electricians,0,291,0%,18.86
electricians in altona,0,282,0%,10.8
electrician company altona,0,254,0%,5.78
commercial electrician altona,0,244,0%,30.77
melbourne electrical services,0,213,0%,19.21
emergency electrician melbourne,0,194,0%,58.39
switchboard testing,0,188,0%,60.77
commercial electrician melbourne,0,183,0%,29.14
commercial electricians altona,0,178,0%,22.06
electrical inspections melbourne,0,176,0%,22.37
testing house wiring,0,169,0%,12.89
electrical system testing,0,169,0%,32.3
electrical inspection melbourne,0,163,0%,28.06
air conditioning service melbourne,0,163,0%,64.24
how to check home electrical wiring,0,161,0%,13.19
electrician services melbourne,0,153,0%,19.78
solar inner west,0,138,0%,42.28
storm,0,137,0%,13.12
how to check house wiring,0,134,0%,15.25
southern electric services,0,130,0%,20.54
electrical solutions,0,129,0%,20.17
testing electrical,0,123,0%,13.66
emergency electrician altona,0,122,0%,7.76
lighting installation melbourne,0,121,0%,81
electrician clayfield,0,119,0%,44.34
commercial electrician altona north,0,110,0%,11.39
emergency electrical services melbourne,0,110,0%,29.88
electrician in altona,0,107,0%,1.79
electrician woodbine,0,106,0%,55.54
switchboard upgrade,0,102,0%,78.15
ses melbourne,0,101,0%,5.77
electrician in altona north,0,100,0%,1.8
electrician wantirna,0,100,0%,61.68
electrician south melbourne,0,100,0%,82.67
electrical safety inspection,0,99,0%,60.63
solutions electrical,0,95,0%,8.24
solar panel electrician melbourne,0,95,0%,46.46
test electrical,0,94,0%,44.64
electrician,0,93,0%,5.3
electrician spotswood,0,92,0%,1.25
electrical altona,0,92,0%,5.64
electrician melbourne australia,0,91,0%,79.89
switchboard upgrades,0,90,0%,60.62
ceiling fan installation altona,0,88,0%,1.27
electrical repairs melbourne,0,86,0%,78.42
communication services melbourne,0,84,0%,36.39
testing an electrical installation,0,82,0%,32.9
switchboard upgrades melbourne,0,82,0%,70.34
24 hour electrician altona,0,81,0%,5.54
solar electrician melbourne,0,81,0%,53.52
electrician diamond creek,0,80,0%,81.47
electrical wiring services,0,77,0%,10.44
telecom electrician,0,75,0%,41.51
24/7 emergency electrical services melbourne,0,73,0%,13.53
testing electrical installations,0,73,0%,21.33
electrical companies melbourne,0,73,0%,48.19
how to check wiring in your home,0,72,0%,76.82
melbourne emergency electricians,0,70,0%,56.41
telecom contractor melbourne,0,69,0%,15.96
electrical installation,0,65,0%,30.55
electric service,0,63,0%,6.71
melbourne electrical,0,62,0%,25.37
commercial electrical services,0,62,0%,60.89
electrical area testing,0,61,0%,64.93
telecommunications contractor melbourne,0,59,0%,41.46
communications tower electrician,0,58,0%,4.38
solar power system melbourne,0,58,0%,60.95
electrical switchboard upgrade,0,58,0%,72.88
structured cabling melbourne,0,57,0%,17.88
testing of electrical installations,0,57,0%,31.05
electrical safety inspections,0,57,0%,61.37
electrical safety testing melbourne,0,56,0%,25.82
switchboard upgrade melbourne,0,56,0%,70.52
testing of electrical connections,0,55,0%,11.09
electrician in north melbourne,0,52,0%,30.5
civil electrical south melbourne,0,52,0%,55.81
electrician toorak,0,51,0%,78.61
local electrician,0,50,0%,1
electrical safety checks and inspections altona,0,49,0%,10
electrical installation tests,0,49,0%,22.27
construction electrical services,0,48,0%,55.38
electrical inspection,0,48,0%,61.75
electrical fault testing,0,46,0%,35.41
electrical safety services,0,46,0%,47.09
solar installation inner west,0,45,0%,39.76
electrician near me melton,0,45,0%,59.04
fuse box upgrade melbourne,0,45,0%,66.22
electrical rewiring melbourne,0,44,0%,70.7
commercial electrical services melbourne,0,43,0%,67.05
indoor lighting installation melbourne,0,41,0%,58.76
commercial electrical maintenance melbourne,0,40,0%,53.23
electrical fault finding melbourne,0,40,0%,78.17
residential electrician melbourne,0,40,0%,84.78
24/7 electrician melbourne,0,39,0%,66.36
certified electrician,0,38,0%,1.76
air conditioner servicing altona north,0,38,0%,2.26
telecommunication tower electrician,0,38,0%,3
local electrician altona,0,38,0%,3.55
lighting repairs melbourne,0,38,0%,14.24
backlighting solutions melbourne,0,38,0%,54.53
24 hour electrician,0,37,0%,1.24
australian electrical services melbourne,0,37,0%,13.35
electrical safety inspection melbourne,0,37,0%,43.57
electrician altona meadows,0,37,0%,47.49
electrical solutions melbourne,0,36,0%,5.64
emergency electrician,0,35,0%,1
licensed electrician,0,35,0%,1.57
melbourne electrics,0,35,0%,13.71
solar power installation melbourne,0,35,0%,51.17
electrician sutton,0,33,0%,17.7
electrician in maribyrnong,0,33,0%,61.88
melbourne emergency electrician,0,33,0%,73.52
electrician companies melbourne,0,33,0%,80.24
electrical compliance inspection melbourne,0,32,0%,37.75
commercial electrical contractor melbourne,0,32,0%,59.09
telecommunications services,0,32,0%,60.09
micro inverter installation melbourne,0,32,0%,69.44
ses lighting,0,31,0%,6.29
emergency electricians melbourne,0,31,0%,58.13
electrical safety check south yarra,0,31,0%,77.55
electrical services in melbourne,0,30,0%,29.67
electrician for solar panels,0,30,0%,60.63
electrical industrial services melbourne,0,30,0%,69.1
electrician cedar grove,0,30,0%,80.4
circuit breaker upgrade melbourne,0,29,0%,14.72
house wiring melbourne,0,29,0%,26.59
data cabling service melbourne,0,29,0%,41.21
ses transformer,0,29,0%,42.41
residential solar power melbourne,0,29,0%,63.97
electricians diamond creek,0,29,0%,67.86
electrician trafalgar,0,29,0%,72.38
local electricians altona,0,28,0%,17.5
lighting electrician melbourne,0,28,0%,26.11
commercial electricians,0,28,0%,58.29
eicr in melbourn,0,27,0%,10
safety switch testing melbourne,0,27,0%,25.93
air conditioning installation altona north,0,26,0%,1.04
electrical installation testing,0,26,0%,20.04
electrician ormond,0,26,0%,46.38
local electrician melbourne,0,26,0%,59.62
electrician south morang,0,26,0%,72.96
air conditioner footscray,0,26,0%,79.73
electrical integrity testing,0,25,0%,5.88
light fitting service,0,25,0%,19.76
electricians melbourne australia,0,25,0%,26.48
commercial electrical installation,0,25,0%,37.36
electrical services commercial,0,25,0%,49.76
electrical risk assessments melbourne,0,25,0%,58.24
commercial electrician,0,24,0%,11.96
switchboard upgrades installation,0,24,0%,46.29
electrician testing,0,24,0%,56.67
electrical testing services,0,24,0%,67.25
licensed commercial electrical services melbourne,0,23,0%,15.39
electrical testing melbourne,0,23,0%,23.22
solar system design melbourne,0,23,0%,54.52
residential electrical inspection,0,23,0%,56.74
building electrical services melbourne,0,23,0%,58.35
commercial electrical melbourne,0,23,0%,68.7
electrical breakdown services melbourne,0,23,0%,74
solar electric solutions,0,23,0%,84.35
electrician in williamstown,0,22,0%,5.55
electrical circuit testing,0,22,0%,27.55
electrician melbourne,0,22,0%,49.55
ses solar,0,21,0%,5.57
electrician emergency melbourne,0,21,0%,28.52
civil electrical melbourne,0,21,0%,37.57
commercial electrical service,0,21,0%,62.43
electrical switchboard upgrades,0,21,0%,72.62
electrician port noarlunga south,0,20,0%,31.05
solar power electrician,0,20,0%,43.35
electricians taylors hill,0,20,0%,55.95
air conditioning services melbourne,0,20,0%,77.95
industrial electrical companies melbourne,0,20,0%,81.75
simoes electrical services,0,19,0%,30.32
electrical services elsternwick,0,19,0%,39.74
electricity inspection,0,19,0%,43.05
electrician elsternwick,0,19,0%,57.53
electrical safety inspections and testing cleveland,0,19,0%,59.11
electric services,0,18,0%,3.17
residential electrician newport,0,18,0%,3.5
indoor lighting electrician,0,18,0%,14.89
licensed commercial electrician,0,18,0%,15.83
commercial service electrician,0,18,0%,20.11
electrician melbourne north,0,18,0%,26
domestic electrical installation,0,18,0%,39.17
electricians taylors lakes,0,18,0%,57.39
electrical testing and inspection,0,18,0%,74.72
electrician mahogany creek,0,18,0%,77.11
electrician williamstown,0,17,0%,4.71
telecoms electrician,0,17,0%,6
air conditioning,0,17,0%,33.47
commercial electrical maintenance,0,17,0%,50.65
electrical services melton,0,17,0%,60
electrician port noarlunga,0,17,0%,61.18
residential electrical inspections,0,17,0%,67.06
electrical safety check st kilda,0,17,0%,81.47
electrical test,0,16,0%,29.69
solar inspection melbourne,0,16,0%,47.62
high voltage testing melbourne,0,16,0%,49.38
electrician highett,0,16,0%,54.81
emergency electrical repairs melbourne,0,16,0%,60.19
telecommunication services,0,16,0%,70.69
electrician lalor,0,16,0%,75.62
electrician taylors lakes,0,16,0%,76.69
electricians south morang,0,16,0%,77.12
storm auto electrical,0,15,0%,1
electrical blog melbourne,0,15,0%,22.67
electrical safety audit melbourne,0,15,0%,33.13
solar panel batteries west melbourne,0,15,0%,41.53
melbourne commercial electrician,0,15,0%,42.6
workshop electrical installation diamond creek,0,15,0%,45.4
south gippy electrical solutions,0,15,0%,47
electrician inspection,0,15,0%,61.6
commercial electric service,0,15,0%,80.2
electrician keilor,0,15,0%,87.8
split system installation altona,0,14,0%,2.36
melbourne north electrician,0,14,0%,24.5
telecom maintenance companies,0,14,0%,32.79
electrician hurstbridge,0,14,0%,41.79
electricians in melton vic,0,14,0%,60.21
electrician rosanna,0,14,0%,63.36
solar power systems melbourne,0,14,0%,66.21
electrician chelsea,0,14,0%,68.14
keilor electrician,0,14,0%,88.86
electrician in yarraville,0,13,0%,4.08
contact electrical solutions,0,13,0%,7.46
electrification near me,0,13,0%,9.69
hurricane electrical services,0,13,0%,10.46
electrical emergency melbourne,0,13,0%,12.62
electrical service solutions,0,13,0%,12.62
lighting installation service,0,13,0%,20.69
electrical panel upgrade melbourne,0,13,0%,24
commercial electrician service,0,13,0%,32.38
telecom installation companies,0,13,0%,47.62
telecom services,0,13,0%,59.69
electrical engineering services melbourne,0,13,0%,70
home electrical safety inspection,0,13,0%,70
professional electrical fault finding melbourne,0,13,0%,73.46
electrician newport,0,12,0%,2.58
commercial electrician williamstown,0,12,0%,3.58
testing electrical circuits,0,12,0%,22.67
electrician north melbourne,0,12,0%,32.67
electrical auditors melbourne,0,12,0%,57.25
electrical company melbourne,0,12,0%,59
electrical services and maintenance melbourne,0,12,0%,83.17
air conditioning repairs melbourne,0,11,0%,1
electrician south kingsville,0,11,0%,2.82
residential electrician,0,11,0%,3.36
electrical services altona,0,11,0%,3.82
atrom electrical,0,11,0%,10.27
electrical tests,0,11,0%,24.18
melbourne electrical service,0,11,0%,25.09
split system electrician melbourne,0,11,0%,31.91
communications services,0,11,0%,33.09
telephone technicians melbourne,0,11,0%,46.09
electrical wiring melbourne,0,11,0%,47.55
commercial electrician services,0,11,0%,48.45
electrical & solar melbourne,0,11,0%,48.64
telecommunications contractors,0,11,0%,51.36
electrical solution,0,11,0%,52.73
air conditioning altona,0,11,0%,58.82
melbourne residential electrician,0,11,0%,62.27
electricians,0,11,0%,67.36
electrician seddon,0,11,0%,69
metropolitan electrical melbourne,0,11,0%,72.82
air conditioning replacement,0,10,0%,1
duct repair altona north,0,10,0%,1
what are the 7 electrical tests,0,10,0%,10.1
air conditioning service,0,10,0%,35
southern electrical,0,10,0%,37.7
electrical inspections,0,10,0%,41.7
electrical services commercial victoria,0,10,0%,47.2
electrical safety check melbourne,0,10,0%,67.3
electrical contractors airport west,0,10,0%,75.5
electricians toorak,0,10,0%,78.1
electrical maintenance melbourne,0,10,0%,85.6
switchboard replacement melbourne,0,10,0%,88.2
telecommunications electrician,0,9,0%,1.67
electricians near me,0,9,0%,3.44
electrician near me altona,0,9,0%,4.22
auto electrician near me,0,9,0%,5.11
atrom electrical and air conditioning,0,9,0%,8.78
ses light,0,9,0%,10.44
rms electrical solutions,0,9,0%,11.22
electrical installation testing procedures,0,9,0%,12.33
electrical testing procedures,0,9,0%,13.56
auto electrician,0,9,0%,16.11
home electrical switchboard upgrade,0,9,0%,21.56
telecommunications contractors near me,0,9,0%,23.22
electrical service melbourne,0,9,0%,25.11
electrical & solar experts melbourne,0,9,0%,32.56
solar power western melbourne,0,9,0%,39.56
specialist electrical solutions,0,9,0%,42.22
indoor lighting contractor,0,9,0%,45.56
unit switchboard upgrade,0,9,0%,47.22
solar panel installer inner city melbourne,0,9,0%,50.78
melbourne solar panel installation,0,9,0%,60.44
electrician taylors hill,0,9,0%,63.89
electrical contractors south melbourne,0,9,0%,73.89
ascot vale electrician,0,9,0%,80.22
solar installers ringwood,0,9,0%,82.67
electrician cedar creek,0,9,0%,83
commercial electrical services australia,0,9,0%,85.89
solar electrical panels,0,9,0%,89.56
williamstown electrician,0,8,0%,5.75
ac,0,8,0%,6.12
site electrical solutions,0,8,0%,9
electrical data communication services,0,8,0%,23.62
electrical inspection and testing,0,8,0%,27
commercial lighting electrician,0,8,0%,39.38
commercial electricians melbourne,0,8,0%,51.75
lighting audit services melbourne​,0,8,0%,53.25
telecommunication electrician,0,8,0%,53.5
ev charger switchboard upgrade,0,8,0%,53.62
solar battery installation melbourne,0,8,0%,56.62
solar installations melbourne,0,8,0%,58.5
solar panel installation melbourne,0,8,0%,59.38
telecommunications installation companies,0,8,0%,59.75
solar power for homes melbourne,0,8,0%,70.88
industrial electrical services melbourne,0,8,0%,71.62
solar panel inverter melbourne,0,8,0%,74.5
electrician maribyrnong,0,8,0%,76.12
commercial electrician south melbourne,0,8,0%,79.5
lighting consultant melbourne,0,8,0%,82.5
electrical contractors toorak,0,8,0%,86
how do electricians check for faulty wiring,0,7,0%,1
ses electrical services,0,7,0%,2.57
elec solutions,0,7,0%,9.57
rainbow electrical,0,7,0%,10
office electrical services,0,7,0%,22.86
commercial electrician victoria,0,7,0%,27.14
why is electrical testing important,0,7,0%,29.14
ses electricity,0,7,0%,36.29
electrical services commercial melbourne,0,7,0%,36.57
main switchboard upgrade melbourne,0,7,0%,38
electrical repair melbourne,0,7,0%,39.86
commercial electrical contractors melbourne,0,7,0%,43.71
electrical home inspection,0,7,0%,46
solar installation inner city melbourne,0,7,0%,46.57
electrical companies in melbourne,0,7,0%,46.71
electrician commercial,0,7,0%,50
commercial electrician ringwood,0,7,0%,57.86
das installation melbourne,0,7,0%,63
sorted electrical,0,7,0%,63.86
lighting audit services,0,7,0%,64
electricians commercial,0,7,0%,67.86
electricians melbourne cbd,0,7,0%,68.14
electrician melton victoria,0,7,0%,71.29
electrician mirboo,0,7,0%,72
lighting specialist melbourne,0,7,0%,92.29
air conditioning repairs,0,6,0%,1
room renovation ideas,0,6,0%,1
electrical,0,6,0%,1.17
split system altona,0,6,0%,3
electric,0,6,0%,3.17
melbourne ses,0,6,0%,7.67
easy electrical solutions,0,6,0%,8
smoke alarm installation altona,0,6,0%,8.67
airconditioning,0,6,0%,9
ses energy,0,6,0%,15.5
electrial services melbourne,0,6,0%,17
telecommunications near me,0,6,0%,22.33
electrical services,0,6,0%,27.5
solar power electricians,0,6,0%,33
sutton electrical,0,6,0%,34.83
telecommunications support,0,6,0%,35.33
electricians north melbourne,0,6,0%,37.67
telecommunication companies melbourne,0,6,0%,42.5
solar installer inner city melbourne,0,6,0%,49.17
commercial electric installation,0,6,0%,50.17
switchboard upgrade victoria,0,6,0%,54.5
electricians in melbourne,0,6,0%,55
residential solar installation melbourne,0,6,0%,55
commercial electrician docklands,0,6,0%,57.17
electrical board upgrade,0,6,0%,61.33
solar system and battery installation melbourne,0,6,0%,62.33
zeus electrical,0,6,0%,62.5
commercial electric services,0,6,0%,63
residential solar melbourne,0,6,0%,69.17
switchboard upgrade cost melbourne,0,6,0%,80.33
emergency electrician north melbourne,0,6,0%,85.83
electrician keilor east,0,6,0%,87.17
split system installation yarraville,0,5,0%,4.4
air conditioner service,0,5,0%,5
systems by certified electricians,0,5,0%,11
electrical wiring testing,0,5,0%,11.8
electrician seaholme,0,5,0%,12.6
electrician for lighting,0,5,0%,14.6
solar panel electricians,0,5,0%,20
telecommunications setup,0,5,0%,22.6
ses switchboards,0,5,0%,25.2
clayfield electrician,0,5,0%,26.2
electrical safety checks and inspections fraser rise,0,5,0%,26.2
power cable repairs telecoms cable repairs,0,5,0%,27.8
commercial electrical installations,0,5,0%,31
residential electrical testing,0,5,0%,35.8
ses electrical toowoomba,0,5,0%,36.2
circuit testing,0,5,0%,36.4
electrician in melbourne,0,5,0%,37.6
electrical safety checks and inspections melbourne,0,5,0%,47.8
melbourne electrical companies,0,5,0%,48
electric storm,0,5,0%,53.4
electrical inspection services,0,5,0%,55.6
solar electrical installation,0,5,0%,57
aes axford electrical services,0,5,0%,57.4
electrical+services+melbourne,0,5,0%,58.8
electrician in werribee,0,5,0%,61
home electrical safety check,0,5,0%,65
solar power in melbourne,0,5,0%,65.2
residential solar electric systems,0,5,0%,66.2
electrician south east melbourne,0,5,0%,67
residential solar and battery installation,0,5,0%,67.6
electrical fault melbourne,0,5,0%,71.6
electrical commercial services,0,5,0%,73.2
solar and electrical,0,5,0%,79.8
electrical renovations melbourne,0,5,0%,81
electrical safety check docklands,0,5,0%,84.2
electrical switchboard replacement melbourne,0,5,0%,88.6
electricians lighting,0,5,0%,123
duct repair altona,0,4,0%,1
electrician western suburbs melbourne,0,4,0%,1
electricians yarraville,0,4,0%,1
newport electrician,0,4,0%,1
room remodel ideas,0,4,0%,1
what are the 5 electrical tests,0,4,0%,1
storm repairs,0,4,0%,1.5
ceiling fan installation,0,4,0%,3.5
electrical testing procedure,0,4,0%,3.5
ses plumbing,0,4,0%,3.5
auto electrician altona north,0,4,0%,4.25
electrical testing guide,0,4,0%,5
ses blog,0,4,0%,5
storm fire solutions,0,4,0%,6
electric solutions,0,4,0%,6.25
ses energy services,0,4,0%,6.25
testing electrical components,0,4,0%,6.5
"south eastern communications, business service, melbourne",0,4,0%,10.25
distribution board upgrade.,0,4,0%,10.5
electric company near me,0,4,0%,11
domestic electrical testing procedures,0,4,0%,11.5
bf electrical solutions,0,4,0%,11.75
air conditioner,0,4,0%,13.75
commercial electrical work,0,4,0%,14
home renovation electrician melbourne,0,4,0%,14.25
electrical services highett,0,4,0%,17.5
electric testing,0,4,0%,19.25
electrical wiring check,0,4,0%,19.25
electrical wiring installation melbourne,0,4,0%,23
electrical safety check,0,4,0%,25.25
electricity testing,0,4,0%,26.5
residential electrical repairs melbourne,0,4,0%,27.75
what is electrical testing,0,4,0%,29.5
electrical services booking melbourne,0,4,0%,32.75
communications electrician,0,4,0%,35
rcd installation melbourne,0,4,0%,40.25
lightning installation melbourne eastern suburbs,0,4,0%,46
melbourne electric company,0,4,0%,46.5
melbourne commercial electricians,0,4,0%,46.75
emergency electrician woolwich,0,4,0%,52.5
how to do mdf jumpering,0,4,0%,57
solar panel installer melbourne,0,4,0%,59.75
electrical safety test,0,4,0%,60.5
install solar panels melbourne,0,4,0%,61.5
solar electricians,0,4,0%,63
electric checking,0,4,0%,67
electrical safety check melbourne cbd,0,4,0%,71.5
air conditioning servicing melbourne,0,4,0%,73
solar electrical,0,4,0%,74
hvac and solar system maintenance melbourne,0,4,0%,77
fault finding melbourne,0,4,0%,77.5
electrical aircon,0,4,0%,78.5
electrician in melbourne cbd,0,4,0%,80.25
electrician westbourne park,0,4,0%,85.5
electrical servicing and inspections,0,4,0%,85.75
electrician in keilor,0,4,0%,87
residential lighting consultant melbourne,0,4,0%,88.25
emergency+electrician+melbourne,0,4,0%,92.5
emergency local electrician melbourne,0,4,0%,94
electricians test and tag,0,4,0%,136
air conditioner service near me,0,3,0%,1
car air conditioning,0,3,0%,1
communication electrician,0,3,0%,1
electrician in newport,0,3,0%,1
ses testing,0,3,0%,1
air conditioning repair,0,3,0%,1.33
hvac,0,3,0%,3
electrical companies,0,3,0%,3.33
electrical distribution board upgrade,0,3,0%,6.33
ses solutions,0,3,0%,6.33
aircon installation,0,3,0%,7
installation,0,3,0%,7
electrical system test,0,3,0%,9.67
renewables electrician,0,3,0%,9.67
storm company,0,3,0%,10.33
yarraville electrician,0,3,0%,10.33
ninx electrical,0,3,0%,10.67
sn electrical solutions,0,3,0%,11
all electrical solutions,0,3,0%,11.67
lighting installation services,0,3,0%,16.67
different electrical tests,0,3,0%,19.67
commercial electrical repairs,0,3,0%,23.67
top electrics,0,3,0%,28.33
what is an electrical test,0,3,0%,29
onsite electrical testing service melbourne au,0,3,0%,29.33
electrical testing safety,0,3,0%,31.67
air conditioning installation altona,0,3,0%,34
residential electrical switchboard upgrade,0,3,0%,34.67
testing domestic electrical installations,0,3,0%,35.67
emergency electrician melbourne​,0,3,0%,36.67
renewable energy specialists,0,3,0%,41
how often electrical inspections,0,3,0%,43
air conditioner servicing melbourne,0,3,0%,50
testing electrical systems,0,3,0%,54.67
air conditioning installation footscray,0,3,0%,55.67
electrician carmel,0,3,0%,59
expert solar installation garfield,0,3,0%,59
tv mounting altona meadows,0,3,0%,60.67
solar panels installation melbourne,0,3,0%,63.33
telecommunication service,0,3,0%,64
circuit electrical testing,0,3,0%,64.33
solar melbourne,0,3,0%,67
circuit breaker testing,0,3,0%,68
communication services,0,3,0%,71
professional solar installation garfield,0,3,0%,73.33
home solar power melbourne,0,3,0%,75.33
commercial electrical solutions,0,3,0%,76.67
electrical risk assessment services,0,3,0%,77.67
domestic electrician melbourne,0,3,0%,80
electrical commercial,0,3,0%,80.67
electrical check,0,3,0%,82
home battery installation electrician,0,3,0%,83
home electrical inspections,0,3,0%,84.67
solar engineering melbourne,0,3,0%,85
commercial electrical australia,0,3,0%,86
electrical checks,0,3,0%,88.33
solar panels and battery installers melbourne,0,3,0%,90.33
bus electrician keysborough,0,3,0%,97
ac installation electrician melbourne,0,2,0%,1
air conditioner installation,0,2,0%,1
air-conditioner repair,0,2,0%,1
electrical verification testing,0,2,0%,1
electrican,0,2,0%,1
electrition,0,2,0%,1
inspection and testing of electrical installations,0,2,0%,1
local electricians near me,0,2,0%,1
room remodeling ideas,0,2,0%,1
routine electrical inspection,0,2,0%,1
solar electrician near me,0,2,0%,1
split system cleaning melbourne,0,2,0%,1
storm electric company,0,2,0%,1
storm phone number,0,2,0%,1
what does a home electrical check involve,0,2,0%,1
aircon repair near me,0,2,0%,1.5
light switch repair,0,2,0%,1.5
auto electricians melbourne,0,2,0%,2
ses electric,0,2,0%,3
ses telecom,0,2,0%,3.5
ses power,0,2,0%,4
residential electrical solutions,0,2,0%,4.5
solutions electrical services,0,2,0%,4.5
tv ses,0,2,0%,4.5
electrical business,0,2,0%,5
how to do electrical testing,0,2,0%,5
ses internet,0,2,0%,5
what does an electrical check involve,0,2,0%,5.5
kane ses,0,2,0%,6
storm air conditioning,0,2,0%,6
strata electrician,0,2,0%,6
what are the 7 electrical tests?,0,2,0%,6
24/7 electrical services,0,2,0%,6.5
body corporate electrician,0,2,0%,6.5
emergency electrical services,0,2,0%,7
karl electrician,0,2,0%,7.5
syron electrical,0,2,0%,7.5
industrial electrician near me,0,2,0%,8
testing electrical installation,0,2,0%,8
testing of electrical installation,0,2,0%,8
distribution board upgrade,0,2,0%,8.5
auto electrician altona,0,2,0%,9
cses electrical,0,2,0%,9
how to test electrical circuit in home,0,2,0%,9
melbourne storm,0,2,0%,9
ac electric,0,2,0%,9.5
happy electrical,0,2,0%,10
is electrical,0,2,0%,10
"""commercial electrician service""",0,2,0%,10.5
electrical safety melbourne,0,2,0%,10.5
ses,0,2,0%,10.5
commercial lighting installers near me,0,2,0%,11
electrical resistance testing,0,2,0%,11
testing in electrical,0,2,0%,11.5
electrician solar specialist,0,2,0%,13
office lighting electrician,0,2,0%,13
lighting services,0,2,0%,13.5
melbourne telecommunications,0,2,0%,14
electrical testing basics,0,2,0%,14.5
"chetts electrical services pty ltd, electrician, melbourne",0,2,0%,16.5
testing of electrical circuits,0,2,0%,17.5
6 mandatory electrical tests,0,2,0%,19.5
testing in electrical installation,0,2,0%,19.5
high voltage electrician near me melbourne,0,2,0%,20
electrical installation melbourne,0,2,0%,21
wiring house,0,2,0%,21
ses engineering,0,2,0%,22.5
electrical industrial services,0,2,0%,23
desa electrical,0,2,0%,24
shutdown maintenance melbourne,0,2,0%,24
wire testing,0,2,0%,24
consolidated electrical solutions,0,2,0%,26
electrical services concord,0,2,0%,26.5
electrician altona east,0,2,0%,29.5
shallard electrical,0,2,0%,29.5
air conditioning electricians melbourne,0,2,0%,31
electrician laverton,0,2,0%,31
test electricity,0,2,0%,31
emergency electrician ormond,0,2,0%,31.5
domestic electrical companies,0,2,0%,33
outlook electrical,0,2,0%,33
ces electrical,0,2,0%,35
safe electrical testing,0,2,0%,35.5
switch board upgrade,0,2,0%,35.5
electrical company,0,2,0%,36.5
electrician anglesea,0,2,0%,39
south morang electrician,0,2,0%,40
electrical air conditioning,0,2,0%,41
electrician chelsea heights,0,2,0%,41.5
electrical company in melbourne,0,2,0%,42
24 hour electrician melbourne,0,2,0%,42.5
split system air conditioner services in melbourne,0,2,0%,42.5
nero electrical,0,2,0%,44
network cabling installation melbourne,0,2,0%,45
mitsubishi split system service melbourne,0,2,0%,46
site electrics,0,2,0%,46
electrical installation test,0,2,0%,47
emergency commercial electrician melbourne,0,2,0%,47
telecommunications solutions,0,2,0%,48
electrician moonee ponds,0,2,0%,48.5
electrician woodlands,0,2,0%,48.5
refrigeration thermal scanning contractor,0,2,0%,48.5
commercial electrician melbourne cbd,0,2,0%,49
electrical companies mallee,0,2,0%,50
solar system installation melbourne,0,2,0%,50
electrician lang lang,0,2,0%,53
melbourne solar installation,0,2,0%,53.5
air conditioning installation melbourne,0,2,0%,54.5
renewable residential energy,0,2,0%,55.5
air conditioning electrical,0,2,0%,56.5
north melbourne electrician,0,2,0%,56.5
rutherford electrical,0,2,0%,58
suttonse,0,2,0%,58.5
clayfield electricians,0,2,0%,59
solar power installations melbourne,0,2,0%,59.5
solar panel installations,0,2,0%,61
sinclair electrical,0,2,0%,62
telecommunications experts,0,2,0%,62.5
civil electrical moonee ponds,0,2,0%,63.5
lightning protection installation melbourne,0,2,0%,63.5
commercial electricians melbourne cbd,0,2,0%,64
electrical testing explained,0,2,0%,65.5
electrical tests explained,0,2,0%,65.5
electrical contractor melton,0,2,0%,66.5
solar power installer melbourne,0,2,0%,67.5
electrician safety check,0,2,0%,68.5
electrical services​ melbourne,0,2,0%,69
building electrical inspection,0,2,0%,69.5
electrical switchboard upgrade melbourne,0,2,0%,69.5
electrician air conditioning,0,2,0%,71
electrical saftey testing,0,2,0%,72
telecommunications service provider,0,2,0%,72.5
residential electrical installations,0,2,0%,76
solar panel services melbourne,0,2,0%,76
school electrical services,0,2,0%,77
24/7 emergency electrician melbourne,0,2,0%,77.5
electrical project management services melbourne,0,2,0%,78.5
switchboard upgrade east melbourne,0,2,0%,79
industrial electrical testing,0,2,0%,81.5
mitsubishi air conditioner service melbourne,0,2,0%,81.5
on-site solar installation,0,2,0%,83.5
sks electrical,0,2,0%,84.5
different types of electrical testing,0,2,0%,85.5
dred air con,0,2,0%,88.5
electrical services docklands,0,2,0%,90
experienced switchboard upgrade specialist melbourne,0,2,0%,90
ss electrical,0,2,0%,92
commercial electrical testing,0,2,0%,95.5
bus electrician werribee,0,2,0%,96.5
experienced switchboard upgrade services melbourne,0,2,0%,97
commercial electrical system maintenance,0,2,0%,98
24 hour electrician near me,0,1,0%,1
air con repair,0,1,0%,1
air con service near me,0,1,0%,1
air conditioner installation near me,0,1,0%,1
air conditioner servicing,0,1,0%,1
air conditioner wiring,0,1,0%,1
aircon installation near me,0,1,0%,1
aircon repair,0,1,0%,1
aircon repair service near me,0,1,0%,1
aircon replacement,0,1,0%,1
aircon service near me,0,1,0%,1
apartment electrician,0,1,0%,1
auto electrical,0,1,0%,1
auto electrician melbourne,0,1,0%,1
automotive electrician,0,1,0%,1
basic electrical exam questions and answers,0,1,0%,1
basic electrical testing,0,1,0%,1
building wiring,0,1,0%,1
circuit tests,0,1,0%,1
commercial electrician near me,0,1,0%,1
commercial electrician newport,0,1,0%,1
commercial lighting installation near me,0,1,0%,1
domestic electrical testing,0,1,0%,1
electircian near me,0,1,0%,1
electrians,0,1,0%,1
electric installation,0,1,0%,1
electricaian near me,0,1,0%,1
electrical connection services,0,1,0%,1
electrical installations testing,0,1,0%,1
electrical plan for house,0,1,0%,1
electrical repairs,0,1,0%,1
electrical residential services,0,1,0%,1
electrical service and repair,0,1,0%,1
electrical so,0,1,0%,1
electrical solutions reviews,0,1,0%,1
electrical survey,0,1,0%,1
electrical troubleshooting,0,1,0%,1
electrical work,0,1,0%,1
electrican near me,0,1,0%,1
electricans,0,1,0%,1
electrician ardeer,0,1,0%,1
electrician footscray,0,1,0%,1
electrician footscray melbourne,0,1,0%,1
electrician kirkham,0,1,0%,1
electrician near .me,0,1,0%,1
electrician near me open now,0,1,0%,1
electrician st peters,0,1,0%,1
electrician sunshine,0,1,0%,1
electrician telecommunications,0,1,0%,1
electrician tottenham,0,1,0%,1
electricians near me commercial,0,1,0%,1
electricians newport,0,1,0%,1
electrictian,0,1,0%,1
electritian,0,1,0%,1
fix aircon,0,1,0%,1
generator installation near me,0,1,0%,1
home switchboard upgrade,0,1,0%,1
house electrical wiring,0,1,0%,1
how do electricians check wiring in a house,0,1,0%,1
how do electricians find faulty wiring,0,1,0%,1
how does an electrician check wiring,0,1,0%,1
how to check wires with multimeter,0,1,0%,1
how to test wiring in house,0,1,0%,1
hvac near me,0,1,0%,1
hvac shop near me,0,1,0%,1
industrial electrician,0,1,0%,1
industrial maintenance electrician,0,1,0%,1
inspect and test electrical protection,0,1,0%,1
installation house,0,1,0%,1
installation in house,0,1,0%,1
installation installers near me,0,1,0%,1
insulation test,0,1,0%,1
maintenance electrician,0,1,0%,1
new build electrician,0,1,0%,1
office fit out electrician,0,1,0%,1
orange electrician,0,1,0%,1
panel upgrade,0,1,0%,1
real estate electrician,0,1,0%,1
remodel room ideas,0,1,0%,1
remodeling room ideas,0,1,0%,1
renovation wiring,0,1,0%,1
room revamp ideas,0,1,0%,1
safety switch installation,0,1,0%,1
ses contractor,0,1,0%,1
shed wiring,0,1,0%,1
split system air conditioner service,0,1,0%,1
split system cleaning,0,1,0%,1
split system wiring,0,1,0%,1
switch installation,0,1,0%,1
telecom maintenance,0,1,0%,1
test for electricity,0,1,0%,1
test house electrical,0,1,0%,1
testing home electrical wiring,0,1,0%,1
testing wiring,0,1,0%,1
trades,0,1,0%,1
type of aircon,0,1,0%,1
types of electrical installation pdf,0,1,0%,1
western suburbs electrician,0,1,0%,1
what do electricians use to test circuits,0,1,0%,1
wiring connection,0,1,0%,1
wiring inspection,0,1,0%,1
wiring instrument,0,1,0%,1
air conditioner repair estimate,0,1,0%,2
best electric,0,1,0%,2
bsw electrical,0,1,0%,2
cable repair near me,0,1,0%,2
certified electricians near me,0,1,0%,2
definition of current electricity,0,1,0%,2
electrician western suburbs,0,1,0%,2
furnace electrical,0,1,0%,2
hellermanntyton private limited photos,0,1,0%,2
how to find electrical short in house,0,1,0%,2
internet & nbn installation service melbourne,0,1,0%,2
on time property services,0,1,0%,2
residential electrician near me small job,0,1,0%,2
ses contractors,0,1,0%,2
ses limited,0,1,0%,2
split system service near me,0,1,0%,2
storm fixture,0,1,0%,2
storm solutions,0,1,0%,2
strom electrical,0,1,0%,2
sunrise electrical services,0,1,0%,2
test and tag course,0,1,0%,2
test test,0,1,0%,2
what is electrical arcing,0,1,0%,2
ac installer near me,0,1,0%,3
earthing process,0,1,0%,3
electrical car shop,0,1,0%,3
electrical contractors near me,0,1,0%,3
electrical engineering,0,1,0%,3
electrical repair shop,0,1,0%,3
electricity principal,0,1,0%,3
electrotechnology,0,1,0%,3
emergency electrician spotswood,0,1,0%,3
everything unplugged but still tripping,0,1,0%,3
fault finding electrical,0,1,0%,3
is it dangerous if circuit breaker keeps tripping,0,1,0%,3
light switch won't turn off,0,1,0%,3
mandatory electrical tests australia,0,1,0%,3
neutral wire in domestic wiring is important why,0,1,0%,3
power surging in house,0,1,0%,3
renewable electrician,0,1,0%,3
solar battery installation,0,1,0%,3
vibrating noise in wall at night,0,1,0%,3
what does earth fault indicator mean,0,1,0%,3
air conditioner repair newport,0,1,0%,4
air contioner,0,1,0%,4
auto electrician brendale,0,1,0%,4
aws electrical,0,1,0%,4
electrical emergency services,0,1,0%,4
electrical solutions and services,0,1,0%,4
electrician maitland nsw,0,1,0%,4
electrician near me within 1.6 km,0,1,0%,4
sees electrical,0,1,0%,4
sels electrical,0,1,0%,4
service electric,0,1,0%,4
ses mechanical,0,1,0%,4
ses solar energy solutions,0,1,0%,4
ses.com,0,1,0%,4
storm kitchen,0,1,0%,4
any more?,0,1,0%,5
electro building services,0,1,0%,5
how to test a electrical circuit,0,1,0%,5
internet ses,0,1,0%,5
light service near me,0,1,0%,5
ses entertainment,0,1,0%,5
suresh electrician,0,1,0%,5
when it is conducted,0,1,0%,5
elect solutions,0,1,0%,6
eletrician course,0,1,0%,6
renewable energy electrician,0,1,0%,6
service electrical,0,1,0%,6
shorter,0,1,0%,6
st electrics,0,1,0%,6
testing resistance,0,1,0%,6
air conditioner repair,0,1,0%,7
commercial kitchen electrician,0,1,0%,7
daniel electrical services,0,1,0%,7
electrician butler,0,1,0%,7
eletrical service,0,1,0%,7
online estimates electrician near me,0,1,0%,7
ses lights,0,1,0%,7
ses solar network,0,1,0%,7
ses-solar,0,1,0%,7
storm electric ltd,0,1,0%,7
storm services,0,1,0%,7
"storms,",0,1,0%,7
testing procedures electrical,0,1,0%,7
tss electrical,0,1,0%,7
as/nzs 3760,0,1,0%,8
communications installer,0,1,0%,8
current climate electrical,0,1,0%,8
electrical isolation test,0,1,0%,8
melb storm,0,1,0%,8
snt electrical,0,1,0%,8
solve electrical,0,1,0%,8
sss electrical,0,1,0%,8
storm in melbourne,0,1,0%,8
supersonic electrical services,0,1,0%,8
test and tag technician,0,1,0%,8
tested electrical,0,1,0%,8
7 electrical,0,1,0%,9
auto electrcian,0,1,0%,9
car aircon repair near me,0,1,0%,9
electrical component testing,0,1,0%,9
electrical technician,0,1,0%,9
insulation resistance test between live and neutral,0,1,0%,9
machinery electrician near me,0,1,0%,9
simply electrical,0,1,0%,9
small electric repair near me,0,1,0%,9
so electrical,0,1,0%,9
testing electrical wiring,0,1,0%,9
24/7 electrician,0,1,0%,10
happy home electric,0,1,0%,10
importance of electrical testing,0,1,0%,10
sean electrical,0,1,0%,10
secure electrical,0,1,0%,10
ses vision tv,0,1,0%,10
soe electrical,0,1,0%,10
southern lights and services,0,1,0%,10
storm lighting,0,1,0%,10
storm timing,0,1,0%,10
sunday electrician,0,1,0%,10
what tv cable companies are in my area,0,1,0%,10
electrical wire testing,0,1,0%,11
electricians services,0,1,0%,11
how does an electrician check for faulty wiring,0,1,0%,11
kat electrical services,0,1,0%,11
melbourne electrical blog,0,1,0%,11
multiple electrical services,0,1,0%,11
my electrical solutions,0,1,0%,11
specified electric,0,1,0%,11
square electrical solutions,0,1,0%,11
911 electrical,0,1,0%,12
altona north electrician,0,1,0%,12
home electrical testing,0,1,0%,12
k tech electrical solutions,0,1,0%,12
seven electrical,0,1,0%,12
southern electrical services,0,1,0%,12
southern electrical solutions,0,1,0%,12
ultimate catering repairs,0,1,0%,12
basic electrician course,0,1,0%,13
car electrician,0,1,0%,13
electrical conduit installation,0,1,0%,13
electrician near me for home service,0,1,0%,13
energy-efficient storm protection melbourne,0,1,0%,13
indian electrician near me,0,1,0%,13
sector electrical,0,1,0%,13
stoporm,0,1,0%,13
systems electrician,0,1,0%,13
who inspects electrical work,0,1,0%,13
air conditioning williamstown,0,1,0%,14
electrical companies victoria,0,1,0%,14
electrical system checks,0,1,0%,14
home entertainment installation services,0,1,0%,14
resistance testing electrical,0,1,0%,14
solar system electrician,0,1,0%,14
split system air conditioner service melbourne,0,1,0%,14
split system installation near me,0,1,0%,14
which businesses offer professional installation of renewable energy,0,1,0%,14
emergency desk lamps service near me,0,1,0%,15
electrician st georges,0,1,0%,16
estr electrical,0,1,0%,16
new aircon installation,0,1,0%,16
s coleman electrical,0,1,0%,16
split system installation ascot vale,0,1,0%,16
split system repair,0,1,0%,16
aircon supplier,0,1,0%,17
airconditioning installation,0,1,0%,17
catering equipment repairs,0,1,0%,17
electrical testing procedure australia,0,1,0%,17
how to test electrical connections,0,1,0%,17
solar panel installer inner west,0,1,0%,17
split system moonee ponds,0,1,0%,17
upgrade your electrical switchboard,0,1,0%,18
"data, tv & communications inner west",0,1,0%,19
electrical testing methods,0,1,0%,19
electrician solar installer,0,1,0%,19
flare electrical solutions,0,1,0%,19
kelsey electrical solutions,0,1,0%,19
taggart tv and data electrical,0,1,0%,19